File Name,Age,Gender
02425334e92510da663eb913ad0632ea,52,F
04669ec4821d2dde14eb2f9a3f47eb7e,N/A,N/A
04cc236166c1ff638ff6200f2f2a397d,N/A,N/A
051b1b1edcbaa44059c7b3edbe70c3b8,N/A,F
0aed23e64ebdea798486056b4f174424,N/A,M
0b2105548746dc55aa03324d07e2a2ed,32,M
0b7b8344c7c39373cfddf21a7339f206,N/A,M
0c785dff51447d6e689e15dcfe10c8e2,N/A,N/A
0d825340b08e816f7d8f28c7c7809a31,N/A,M
0e68445ef76f193664ea018630544d95,78,F
12237409e14e5a96605c4fb7613c35a1,N/A,N/A
12d5529941b5a673cb50f4e1e8c502de,N/A,F
14d90cb65cec1138f6bcb97bd7892393,N/A,N/A
163c884cba35d5d5ca50b7b8ea36a1fa,N/A,M
1797ac887e393a0e25ebb44b3125f0c1,N/A,N/A
17cb989569ca6ef46e1066b0cec22304,N/A,N/A
19c44a83a0b26af42aefbcbf7b9f9380,N/A,N/A
1b2df8b1ebcd4cf26b828e96dd54304a,N/A,N/A
1c23c0b48f19721b171febe638673eec,61,M
1cc1ed63475e99d32f1884762955effc,58,M
1d1fcf6654f7d727aafae5c5eba5fd7f,N/A,N/A
1d6476853a2aaaf281c1be2e2584e383,83,F
1da78a23d8738003d24bdeb4a47c07ba,33,M
1deeb557e49b03764d434bad3c7bdd35,N/A,N/A
20085587273eae1d4ea461ee23b18fe3,N/A,M
2021c6c746096cd28002e71ceb992c69,N/A,N/A
203e51fe440b4468f4142d795d381cb4,67,F
20c2fc9d1babf3f47d4bf2e2d4fa0d2c,N/A,N/A
20d208807c641afba1698d8f35aa8713,N/A,N/A
2127bbf73b1d0f150ca12bfa5ca2b91d,N/A,N/A
21764c704337db3cee5beb063a7f84f8,N/A,N/A
22477897ac65a32a47a81707bd7a3a25,N/A,N/A
253feb1e5d47eb3543d0cd0b072df5e5,N/A,N/A
25e40d94f13653fcd2b829c45cb18e3f,N/A,M
269af0bfa0e3246aa7b7330a3c510030,N/A,N/A
27660605ca5cdffc3a99e9f2f167b1ff,63,F
27c40d7cad10950490cdc81752b328d7,N/A,N/A
27d34a0e721626ef60aeb17cb39e8196,N/A,N/A
28290df9749ce386affc87de6b7c3a49,50,M
285becd123b1dd66f5ce5e51bce073a4,N/A,M
293c5203bc1aa6aed90bed875b06dda8,N/A,N/A
29b9c96e5b2af75325cad69a8ddab7c7,N/A,M
2b526a754c5cae80c2c45bc85ce95bb6,N/A,N/A
2ba3fde405e8f849abba2c8e87857626,N/A,F
2eae70b57d68947a20d6d0cc8f9f2e58,N/A,N/A
2f2f368d580b179c65b6ad42f4d529f8,64,M
309ea022e7179851582a662b97ca9ce4,N/A,N/A
32f991e64870da55f30028f559545973,N/A,N/A
33d6c3efe631dbef8424df136efa9412,48,M
33fb234fc2ad20c92d1a556d7c3eb916,N/A,F
353d7e4d7a4434ce27c7de1cd151423b,N/A,N/A
36aa7cdf317c33edc514ef43814d4c9b,N/A,N/A
36aec3c16185942a4925ed5f272156b1,N/A,M
36cd56c10616e2089c21010d73d0df3b,N/A,N/A
3826548c8fedb944bee4f6eaa5c2090e,N/A,N/A
384ee8c20076c44adbe60bfe7e805869,N/A,M
395f2f015b69bcf2e58fcba55ecb6793,32,M
39949d5d2d8855e391b87d8a932b5aaf,N/A,N/A
3b5957a38160102563037a3769a383be,N/A,M
3d281a2a2c78f8e0713166ed125a183a,N/A,N/A
3d4c07ae432d5834781d532d833d75ac,N/A,N/A
3dcc30d354b4502eb28e3dfbc697756b,52,M
42f425197ab0ba67f0ec8da9d9f57c9f,N/A,N/A
4336126559df623f417e0cce8658d834,N/A,N/A
439dc69a4c208bef639794335fc7e8aa,58,F
44a4ac9c03955122caf8db97ae2fcec6,N/A,M
4593b44cd46a5ec9c8f341a16ddcba07,N/A,M
46f349b7cabf56c2c2d9c1d069f8c564,60,M
47e9bd83458885c6edba8b24a267a392,N/A,N/A
4b92edbb7f4cfebd83b4562c578d22c7,N/A,M
4dcaf539b6497ad02f2734e1b78c9678,N/A,N/A
5118cbe9894006f58312565294e85556,65,F
5164cecc1932454bd2f467ebb4ea0650,N/A,N/A
52547b2bd82aff7a631e41b23990a9ab,N/A,N/A
5280b2f1ea5c084e2bd8f2fe9447ab84,N/A,N/A
536b5b1ff8d718e73afa20299daa9578,73,F
588634981efe8a011372632c6d76eea0,N/A,M
58baa9b0269a2987f5475a554033c4b1,48,F
5aa416acbc31207ebc35faed872c8e3d,61,F
5c55f871429730b84a8ee275839b8aae,N/A,M
5c6ffc9cdf3d6d485aaf30a52eb9b525,34,F
5cecfb5a445acc92080b9fbdf321a4eb,N/A,M
5ef0d0b605f39b09df42d293e87971e3,N/A,F
5f258fac6e0345f01b8253712e83e454,N/A,N/A
5fc06f3386f8762ac1d2563520056a95,N/A,M
5fc94f48e87133c8b9aa2011b76a50a2,N/A,N/A
63a81da4e2cbd78bdf8eddbdc368b3fb,N/A,M
642719d5349009d7f20e33a5c65752e1,N/A,N/A
662b95447b40328a6844834af8835fd2,N/A,M
673fdef5f3c813232620a6d2af079cac,N/A,N/A
6786d1115f8dd6a72aaf6484ebfcc7aa,N/A,F
67f342c22873acfcf19d3b6501e53802,N/A,N/A
68c57d93f9fcc74a760de0a64c6bc883,N/A,N/A
69fa47c3c46618fe8c58966a2cc66aef,N/A,N/A
6cbbbc0e77251e60d6f4af673cc19e2a,N/A,F
6cbf4295b5b72bc01ef6fd171ef7733e,N/A,F
6e735c0945a973a1cc5f091eea115292,N/A,N/A
6efc2a619fbf842eeadbb1abc9b523f5,N/A,N/A
6f1fcc25543d35bc02e348deabf59581,N/A,N/A
6f8320a9c444090bd55010537a9e7dcb,N/A,N/A
704b25bea8a6e8f0ed239f15b14fb68b,N/A,F
710700d3055a746543394296d1fb736e,N/A,N/A
7158cb1a21c2af6490567b0fe1dfaae0,N/A,N/A
72a272f0770ae72999e9afa93a5bf024,N/A,M
72bf61e8260519dbf3d388f964dacd44,40,M
730f25f4ac6b4fd10d9cf582494c911e,N/A,N/A
74529936ae10f51ecfb193b3f504fb50,53,F
74897408dcbd69ef7c76cbbbbeb722d6,69,F
786fa2f1244ca842e96cc6afb0f28870,N/A,F
78920201559a84ae65d928a6167b73e8,N/A,N/A
79558608235e4a27758e516419f54bc2,N/A,M
79c75c4aed44b844eca14be58a9deb9f,63,M
79dfadb515464474f984451c2dc2fc34,N/A,N/A
7aa301c90a61603f9b5e2e05a88b4204,N/A,N/A
7b377cc85094e39b186b83c181b17642,N/A,N/A
7b821bff27b2f1508035d5d50a16cbcf,61,M
7bab78cfe1dc3376741a24ac708d75be,58,M
7ea00a8beb600a6de0cf70cc166b0b5c,N/A,F
82cb7ac2b8ad46f2be437a640d6744f5,N/A,N/A
83918012739ab2906d692171f66a4dcc,N/A,N/A
851111c0d1373209b9cff31baf15dbe2,N/A,F
871a0f6c5f88473af86d1ceab436a040,63,M
885cb27d4cf51dc3aa6fa71b3aff08d8,N/A,M
889347926c284c6c61234b357153d327,N/A,F
88e1a8afc53c842ef8b8f8d6a3aed32b,N/A,N/A
897bb7685ab7e0b33ffd63d8a8c602af,16,M
898f3a2c28f2267652a51a0163da0a19,N/A,N/A
8a135433be4f3db4c84dd0c17fd49bd5,45,M
8a28453b44f960e96195ef63a19eef4d,N/A,N/A
8b92de834e67f5a072af66d59aacc825,N/A,N/A
8bf191972855f263e27d2239d753e622,N/A,N/A
8d612aaeaf1b5a01971cbdba49b37fdb,24,M
8d677aa2749132774b4bb1400351e097,N/A,N/A
8d8830c35ca3c9b01c3dd33eb4fabc00,77,M
8e3d51015dcc574507110141019bc77a,N/A,F
8ea15d8dffaccc803d343596092354b5,N/A,M
90298b04a0c568ee2144c3431711b30e,N/A,N/A
9045dfc3d4a724a051e85b331af35116,N/A,N/A
915e148ea37918f74554937db82e0bef,N/A,N/A
934e2731a86f3a6d750f7f7d9eaea85c,N/A,M
97f0ad3b3ccbfc848bf9cc7e1a76377c,N/A,N/A
98734f45cdc062d160228410a8da696d,N/A,N/A
990b0dcd83353894c4a2e73738cd6c25,N/A,M
99732e844196448b90e50973d6ba5224,N/A,N/A
99f4f493e0ed0a3cd70fe397736534e4,68,M
9ab7362cc2e62924da202b728de69a59,N/A,M
9b609fc8e82081f4ac5bf83b8a0fbc5c,N/A,N/A
9d19cfe48e499605ca146bd93557d413,72,M
9d3db915dfabc8a9ac9cda6223856b90,34,F
9d4af3b1d2b17d2003251751aece5d00,N/A,N/A
9d55051f2ad55edc96612d7d28dfd472,71,M
9dac311de884273b67f2623ce139e248,N/A,N/A
9e03f33a5f100880b2d2bdfbc46b7b72,N/A,N/A
9ef603566431768ef5da6869f9f52096,N/A,N/A
a226a88f4b8f66c2eba7b974ab8d510d,N/A,M
a2ae0b4302259a54bb0a981f8e7c3580,N/A,N/A
a331bdf1d1289608fc61e1fa6cc757a3,69,F
a36217236c03b1daaa338c22cdbbab87,66,F
a3a42d483cf9c22b5e8641bcef210029,N/A,N/A
a43c51dd8e8e501bb4c3a3054dd046c0,N/A,F
a501e9ea8988356d9bf03155518dad34,N/A,N/A
a59c21bc96c0d0c599ba2447ce946bde,N/A,N/A
a6a9a60f22b70029f82e04bd2d5823cd,N/A,N/A
a6f29ff09ae2e8a11cf1e151471fdcba,64,F
a7b8a9e921ea304362918523cc3529ef,N/A,F
a861ebc33e21bf2a73d3e9b8cccbf526,N/A,N/A
a87c6ab4132c0ef29ebf51bc418ce921,84,F
a88f299e626d550027eaeb70250032ef,55,M
ace60710b86a4f9e247f6a04c0b64418,43,M
ae449aa8589959e118d06c008dcd5035,65,F
aea4295e0193631de4bcab7792b9da7e,N/A,N/A
af42eedb38176dadaa09bfccbe65e16a,N/A,N/A
b0b9a7143b9590143538c99efb5826d8,63,M
b176812b6d85e2bad51164998ec32581,N/A,N/A
b1bc26113bd511d4a2e29c21b786f46f,N/A,M
b2026d7a8878474b33490ccc9ac1d0b8,56,M
b23600f7395ee996cea6c96faed17927,N/A,M
b355f072e13b16791b85280fe272e2d2,N/A,N/A
b3bde408c437a5395134a3126fc88060,18,M
b45212c0181a586f4e50896ed1ade593,N/A,N/A
b4e78fa47b3675c8de1ceae320bc4bf9,58,M
b514266c17d677f96256830c911cd360,N/A,N/A
b857eb04491bba364d72288ba1ca6fb5,N/A,F
b9182fc1e8c26b2642e8cb47ead586c7,N/A,N/A
ba1cf5031a6f73a997901af57110de77,N/A,M
bb3cb6e89c003ad4be9c6141b1d66723,N/A,N/A
bb3db5b1a3631c3f07ab30b3e53246e1,N/A,N/A
bbded36443480f20efc2a93c6c353369,N/A,M
bc247fbc4a986f2974c1d8b158de77bd,32,M
bc783ccd6ff9cc50bbf3b4f5cdc7b147,N/A,N/A
c0a744921a7e56527df34fe1bd869f10,N/A,N/A
c433a34f8cf9c7b894a9d52c80678b0e,47,F
c4abfcf085f2d42afc64670428c92695,39,F
c4c6b6599a13c1c914b839f7a9f79540,N/A,F
c60b8c80551ad7d90c91c3097deb160e,N/A,N/A
c76cc6842dd21b058883c74433af4df7,N/A,N/A
c872af6db5f8dc838fcbbed78666bdd7,N/A,N/A
c8847b2915308c6a86e3a4872d3c4818,62,F
c930c562e95eae49e336ab89df3094ab,N/A,N/A
cd8e284f5176149d71416ca70f4246fa,N/A,N/A
ce5a5ce9eb9ca67da16e9c8677a056e4,N/A,M
cf46419b1583aff3e8ca76705dd5e584,58,F
d01381128975c8bf4dbfd2bf79bd6de1,N/A,F
d0615f853a7deeec90f8b1bf30269fcc,N/A,F
d07616157133b7d8b55fc45ad08b357f,N/A,M
d3b0cb27deaf4744187429110a1ada88,N/A,N/A
d5d13d7d803507aed653e01a183e0089,N/A,N/A
d62af23bce04158a811760245247521f,N/A,N/A
d6a95ce76b332e2dc92d20c886f3e7b6,N/A,M
d87c148da020cba87422b84f96e40c97,N/A,M
d960415b14e778e388972a25ce3cd70d,56,M
d9b150bb7eb1476c685a8c147016c0ac,N/A,N/A
daac34be8b6ca54b0ab1be81733c0d34,N/A,M
dc1743f5e5aaa29ea7a74ea2aa2c9862,N/A,N/A
dd14fbccb38c064bdacc33391d8cca9e,N/A,M
df6b1459ece82fe12a8af9d1e17d93a9,62,M
e02dd879ec36a05e4030f64b605b54ac,N/A,N/A
e04c8401989e7f06ca75dd8ff89c8835,N/A,F
e0dc2e79105ad93532484e956ef8a71a,N/A,F
e0dd17b0230ee5b43df7413bc89a70e5,N/A,N/A
e0fb41ce6c448b6d8b46e8d96cc83cea,N/A,N/A
e13092b1a2848a29558f6c661652332d,N/A,N/A
e268bfef734c0cf02c2dc7f30db79cb6,N/A,N/A
e47174b6f466ff95ff39fe25a8c6638d,N/A,N/A
e4f0bab50765cafa3feb728cfbb210b3,N/A,N/A
e58fe7f6d0a7b6885789d418252279ff,N/A,N/A
e5f707e4fcf1763d282bf7d911c6d345,N/A,N/A
e78d3dafa3d35c1ef2beaed26f884b84,N/A,N/A
e90d09c66ee64d63171d0078f9d563c5,49,M
ea087ad3a387b4c4baecd43b21edfa38,N/A,N/A
ea9f070ee0208d9fdbee8e73f55273fb,N/A,N/A
eaaafa5beb11a12d5c7baea4dcc8e4cd,55,F
eb804a78e42ccd5e66d8fdc644dd0680,N/A,F
ec9bb4e880f135642dbb5f38d4a6d16b,5,N/A
ecbd6ed341b1c3867c5f29be7ab776b1,N/A,N/A
ef42c05690b4c16e88cf39481420b779,36,F
ef5443eef2359a9882e61754855887cb,N/A,N/A
f0c45aa5f538374004270660dd339e0c,74,M
f4d61d727424622b8c54212967467c32,N/A,N/A
f5de7e513d2c4085e8b7fd6b5e5db57a,N/A,F
f631a7b16aa5a67caf2cbe807c068191,N/A,N/A
f688540fa7c5a58e3f5f0d0908a15164,N/A,N/A
f706b17da0996dc76d0ab344fd0b2ae0,N/A,N/A
f864bc5eae01c9a296841fab35367e10,N/A,N/A
f8be8b8d517d3b48315bbbeda0ad3a79,N/A,M
fb1150a90723df92e2385c956db5aeef,N/A,N/A
fb9b085e1317914e23c85afd77a1bb5d,N/A,N/A
fd4b7dcfd91bdd1a5b51e96e6e0fe931,N/A,M
